Q: Quel chercheur a mené des expériences pionnières dans les années 80 pour prouver scientifiquement l'existence du rêve lucide ?; A: Stephen LaBerge.
Q: Quelle méthode les rêveurs lucides ont-ils utilisée dans les expériences de Stephen LaBerge pour signaler leur état de conscience au monde extérieur ?; A: Un code convenu de mouvements oculaires spécifiques (gauche-droite), détectable sur l'électroencéphalogramme.
Q: Quelle est la phase du sommeil la plus associée aux rêves intenses, longs et bizarres dont on se souvient ?; A: Le sommeil paradoxal (REM).
Q: Quel pourcentage de chance y a-t-il qu'une personne réveillée pendant le sommeil paradoxal (REM) soit en train de rêver et puisse le raconter en détail ?; A: Plus de 80%.
Q: Quelle zone cruciale du cerveau, siège de la logique et du raisonnement, est désactivée pendant le sommeil paradoxal (REM) ?; A: Le cortex préfrontal.
Q: Selon la neurologue Isabelle Arnulf, quel pourcentage des rêves est de nature violente ou négative ?; A: Environ 82%.
Q: Comment Isabelle Arnulf et son équipe interprètent-ils la prédominance d'émotions négatives dans les rêves ?; A: Comme une fonction adaptative, agissant comme une simulation de menaces pour préparer le dormeur aux dangers de la vie éveillée.
Q: Quelle théorie de la fonction des rêves a été proposée par le philosophe finlandais Antti Revonsuo ?; A: La théorie de la simulation de menaces (Threat Simulation Theory).
Q: Selon la théorie de la simulation de menaces d'Antti Revonsuo, quel est le rôle principal du rêve ?; A: Entraîner le cerveau à percevoir les menaces et à y réagir, augmentant ainsi les chances de survie.
Q: Quelle est l'hypothèse initiale sur la fonction des rêves formulée par J. Allan Hobson et Robert McCarley en 1977 ?; A: L'hypothèse d'activation-synthèse.
Q: Selon l'hypothèse d'activation-synthèse de Hobson et McCarley, comment un rêve est-il créé ?; A: Le cerveau tente de donner un sens (synthèse) à des signaux cérébraux aléatoires (activation) provenant du tronc cérébral pendant le sommeil REM.
Q: Quel modèle J. Allan Hobson a-t-il développé plus tard pour décrire les états de conscience comme un espace tridimensionnel ?; A: Le modèle AIM (Activation, Input-Output Gating, Modulation).
Q: Dans le modèle AIM de Hobson, à quoi correspond l'axe 'A' (Activation) ?; A: Il représente le niveau global d'activation neuronale, qui est élevé à la fois pendant l'éveil et le sommeil REM.
Q: Dans le modèle AIM de Hobson, que représente l'axe 'I' (Input-Output Gating) ?; A: Il représente la source de l'information traitée par le cerveau, qui passe d'externe (éveil) à interne (sommeil REM).
Q: Dans le modèle AIM de Hobson, à quoi correspond l'axe 'M' (Modulation) ?; A: Il représente le ratio des neuromodulateurs, passant d'un équilibre aminergique (éveil) à un équilibre cholinergique (sommeil REM).
Q: Comment nomme-t-on le phénomène où les rêves reflètent les préoccupations et les activités de la vie éveillée, en particulier celles de la veille ?; A: Le principe de continuité.
Q: Quel est le nom de l'équipe de recherche dirigée par Isabelle Arnulf à l'Institut du Cerveau de Paris (ICM) ?; A: La DreamTeam.
Q: Quel type de patients Isabelle Arnulf étudie-t-elle souvent pour avoir un accès privilégié au sommeil paradoxal et à ses pathologies ?; A: Les patients atteints de narcolepsie.
Q: Selon une étude d'Isabelle Arnulf, quel a été l'effet des rêves d'échec à un examen sur la performance réelle des étudiants ?; A: Les étudiants qui ont rêvé d'échouer ont obtenu de meilleurs résultats, le rêve ayant potentiellement réduit leur anxiété.
Q: Les ondes _____ sont des signaux électriques caractéristiques du sommeil REM, provenant du pont et se propageant au cortex visuel.; A: Ponto-Géniculo-Occipitales (PGO).
Q: Quelle est la définition d'un rêve lucide ?; A: Un rêve dans lequel le rêveur est conscient qu'il est en train de rêver.
Q: Quel est le pourcentage approximatif de contenu onirique qui est composé d'éléments ordinaires et quotidiens ?; A: Environ 90%.
Q: Quel pourcentage des faits présents dans les rêves sont connectés aux événements de la journée précédente, selon le principe de continuité ?; A: Environ 65%.
Q: Quel médicament, un inhibiteur de l'acétylcholinestérase (AChEI), a montré une efficacité pour augmenter la fréquence des rêves lucides ?; A: La galantamine.
Q: Que se passe-t-il avec les rêves chez les patients souffrant de lésions hippocampiques bilatérales ?; A: Ils rapportent beaucoup moins de rêves, et ceux-ci sont moins détaillés et moins épisodiques.
Q: Quelle structure cérébrale est donc considérée comme nécessaire pour la production de rêves typiques et riches en détails ?; A: L'hippocampe.
Q: Au cours de la nuit, comment la proportion de sommeil paradoxal (REM) évolue-t-elle ?; A: Elle augmente, ce qui explique pourquoi on fait plus de rêves vers la fin de la nuit.
Q: Quel effet le cortex préfrontal désactivé a-t-il sur le contenu des rêves ?; A: Il libère la créativité du cerveau, permettant des associations d'idées et des scénarios illogiques sans censure.
Q: Dans quelle phase du sommeil le cerveau consolide-t-il la mémoire et fixe-t-il les souvenirs de la veille ?; A: Le sommeil lent profond (stade N3).
Q: Quel neurotransmetteur est principalement impliqué dans la modulation du sommeil REM, selon le modèle de Hobson ?; A: L'acétylcholine (système cholinergique).
Q: Quel type de neurones, qui synthétisent la noradrénaline, sont silencieux pendant le sommeil REM ?; A: Les neurones du Locus Coeruleus.
Q: Le récepteur de la mélatonine _____ a été identifié comme un régulateur crucial du sommeil REM.; A: MT1.
Q: Quelle est la principale différence entre le contenu des rêves pendant le sommeil REM et la pensée pendant le sommeil lent (NREM) ?; A: Les rêves en sommeil REM sont généralement plus longs, plus vifs, plus bizarres et plus chargés en émotions.
Q: Qu'ont démontré des expériences récentes menées par des équipes comme celle d'Isabelle Arnulf ou de Ken Paller concernant l'interaction avec les rêveurs ?; A: Il est possible de dialoguer en temps réel avec des personnes endormies, qui peuvent répondre à des questions simples via des signaux convenus.
Q: Quel est le nom de l'échelle quantitative développée pour l'analyse du contenu des rêves, souvent utilisée dans la recherche scientifique ?; A: Le système de codage de Hall et Van de Castle (HVdC).
Q: Selon une étude de l'équipe d'Isabelle Arnulf, à quel type de mouvements oculaires les émotions négatives dans les rêves sont-elles associées ?; A: Aux mouvements oculaires rapides en rafales.
Q: Comment la fréquence des rêves lucides est-elle affectée chez les patients narcoleptiques par rapport à la population générale ?; A: Elle est significativement plus élevée.
Q: Quelle discipline scientifique analyse le contenu des rêves en utilisant le traitement du langage naturel (NLP) sur de grands corpus de récits ?; A: La science des données (ou l'informatique appliquée aux sciences humaines).
Q: Quelle est la durée approximative d'un cycle de sommeil complet chez l'humain ?; A: Environ 90 minutes (1h30).
Q: Les rêves lucides se produisent-ils exclusivement pendant le sommeil REM ?; A: Non, bien que plus rares, des cas de rêves lucides ont été rapportés pendant le sommeil NREM.
Q: Quelle est l'une des principales limites méthodologiques dans l'étude scientifique des rêves ?; A: La dépendance aux récits verbaux rétrospectifs des rêveurs, qui peuvent être incomplets ou déformés.
Q: L'étude de 44 213 récits de rêves sur Reddit a permis d'identifier 217 thèmes, regroupés en combien de grands thèmes ?; A: 22 grands thèmes.
Q: Outre la désactivation du cortex préfrontal, quels centres cérébraux sont en surchauffe pendant le sommeil paradoxal, expliquant l'intensité émotionnelle des rêves ?; A: Les centres des émotions comme les amygdales.
Q: Que sont les imageries hypnagogiques ?; A: Des images, formes ou scènes floues qui apparaissent lors de la transition de l'éveil au sommeil (stade N1).
Q: L'étude des rêves chez les patients narcoleptiques a montré une créativité accrue. Quel est le lien supposé ?; A: Leur accès fréquent et direct au sommeil REM et aux rêves lucides pourrait favoriser une pensée plus associative et créative.
Q: Quel est le paradoxe du sommeil paradoxal (REM) ?; A: Le cerveau est très actif, presque comme à l'éveil, tandis que le corps est paralysé (atonie musculaire).
Q: Quel rôle le sommeil paradoxal (REM) joue-t-il dans la régulation émotionnelle ?; A: Il aide à traiter les émotions de la journée, en particulier les émotions négatives, pour potentiellement améliorer l'humeur au réveil.
Q: Selon les recherches, le temps s'écoule-t-il différemment dans un rêve lucide par rapport à la réalité ?; A: Non, des expériences ont montré que le temps perçu pour réaliser une tâche (comme compter jusqu'à 10) dans un rêve lucide correspond au temps réel.
Q: Quel terme désigne la capacité du rêveur à prendre le contrôle du déroulement de son rêve lucide ?; A: Le contrôle du rêve (dream control).
Q: Qui est la neurologue française, chef du service des pathologies du sommeil à la Pitié-Salpêtrière et chercheuse à l'ICM, souvent citée pour ses travaux sur les rêves ?; A: Isabelle Arnulf.
