Q: According to the Threat Simulation Theory, what is considered a primary evolutionary function of dreaming?; A: To exactly replay the events of the previous day for memory consolidation.; isCorrect: false
Q: According to the Threat Simulation Theory, what is considered a primary evolutionary function of dreaming?; A: To provide a safe, virtual environment for rehearsing responses to potential dangers.; isCorrect: true
Q: According to the Threat Simulation Theory, what is considered a primary evolutionary function of dreaming?; A: To receive creative solutions to complex problems from the subconscious mind.; isCorrect: false
Q: According to the Threat Simulation Theory, what is considered a primary evolutionary function of dreaming?; A: To process and eliminate all negative emotions accumulated during the day.; isCorrect: false
Q: Which stage of sleep is most associated with vivid, bizarre, and narrative-rich dreams?; A: N1 (light sleep); isCorrect: false
Q: Which stage of sleep is most associated with vivid, bizarre, and narrative-rich dreams?; A: N3 (deep slow-wave sleep); isCorrect: false
Q: Which stage of sleep is most associated with vivid, bizarre, and narrative-rich dreams?; A: REM (Rapid Eye Movement) sleep; isCorrect: true
Q: Which stage of sleep is most associated with vivid, bizarre, and narrative-rich dreams?; A: The period just after waking up; isCorrect: false
Q: What key change in brain activity during REM sleep helps explain the illogical and bizarre nature of dreams?; A: The amygdala, which processes emotions, becomes completely inactive.; isCorrect: false
Q: What key change in brain activity during REM sleep helps explain the illogical and bizarre nature of dreams?; A: The visual cortex ceases all activity, leading to distorted images.; isCorrect: false
Q: What key change in brain activity during REM sleep helps explain the illogical and bizarre nature of dreams?; A: The prefrontal cortex, responsible for logic and critical reasoning, is deactivated.; isCorrect: true
Q: What key change in brain activity during REM sleep helps explain the illogical and bizarre nature of dreams?; A: The hippocampus replays memories in a perfectly linear, chronological order.; isCorrect: false
Q: What has recent scientific research, such as the 2021 study by Konkoly et al., demonstrated about lucid dreaming?; A: It has been proven that it's impossible to interact with the outside world while dreaming.; isCorrect: false
Q: What has recent scientific research, such as the 2021 study by Konkoly et al., demonstrated about lucid dreaming?; A: Lucid dreamers can engage in real-time, two-way communication with researchers using pre-arranged signals.; isCorrect: true
Q: What has recent scientific research, such as the 2021 study by Konkoly et al., demonstrated about lucid dreaming?; A: Lucid dreaming is an unhealthy state that disrupts sleep quality and should be avoided.; isCorrect: false
Q: What has recent scientific research, such as the 2021 study by Konkoly et al., demonstrated about lucid dreaming?; A: Only a small fraction of the population with narcolepsy is capable of having lucid dreams.; isCorrect: false
Q: The 'Continuity Hypothesis' of dreaming suggests that dream content is primarily influenced by:; A: Universal archetypes shared by all of humanity.; isCorrect: false
Q: The 'Continuity Hypothesis' of dreaming suggests that dream content is primarily influenced by:; A: Random neural firings in the brainstem with no connection to waking life.; isCorrect: false
Q: The 'Continuity Hypothesis' of dreaming suggests that dream content is primarily influenced by:; A: The dreamer's personal concerns, thoughts, and experiences from their waking life.; isCorrect: true
Q: The 'Continuity Hypothesis' of dreaming suggests that dream content is primarily influenced by:; A: Physical sensations experienced during sleep, such as temperature or sound.; isCorrect: false
Q: What is lucid dreaming?; A: A dream that is remembered with exceptional clarity and detail upon waking.; isCorrect: false
Q: What is lucid dreaming?; A: A specific type of nightmare that repeats over a long period of time.; isCorrect: false
Q: What is lucid dreaming?; A: The state of being aware that you are dreaming while the dream is still happening.; isCorrect: true
Q: What is lucid dreaming?; A: A therapeutic technique where a person visualizes a positive outcome before sleeping.; isCorrect: false
Q: A 2024 study from McGill University identified a key regulator of REM sleep, opening new avenues for treating sleep disorders. What did it pinpoint?; A: The release of cortisol in response to stress.; isCorrect: false
Q: A 2024 study from McGill University identified a key regulator of REM sleep, opening new avenues for treating sleep disorders. What did it pinpoint?; A: The melatonin receptor MT1.; isCorrect: true
Q: A 2024 study from McGill University identified a key regulator of REM sleep, opening new avenues for treating sleep disorders. What did it pinpoint?; A: The level of glucose in the bloodstream.; isCorrect: false
Q: A 2024 study from McGill University identified a key regulator of REM sleep, opening new avenues for treating sleep disorders. What did it pinpoint?; A: The frequency of external auditory stimuli.; isCorrect: false
Q: The analysis of a large dataset of dream reports from Reddit using Natural Language Processing (NLP) is an example of what kind of approach to dream research?; A: A traditional psychoanalytic approach.; isCorrect: false
Q: The analysis of a large dataset of dream reports from Reddit using Natural Language Processing (NLP) is an example of what kind of approach to dream research?; A: A laboratory-based electroencephalography (EEG) study.; isCorrect: false
Q: The analysis of a large dataset of dream reports from Reddit using Natural Language Processing (NLP) is an example of what kind of approach to dream research?; A: A large-scale, data-driven, unsupervised analysis.; isCorrect: true
Q: The analysis of a large dataset of dream reports from Reddit using Natural Language Processing (NLP) is an example of what kind of approach to dream research?; A: A controlled experiment involving lucid dream induction.; isCorrect: false
Q: What are Ponto-Geniculo-Occipital (PGO) waves?; A: Brain waves that are only present during deep, dreamless NREM sleep.; isCorrect: false
Q: What are Ponto-Geniculo-Occipital (PGO) waves?; A: Electrical signals from the heart that influence dream content.; isCorrect: false
Q: What are Ponto-Geniculo-Occipital (PGO) waves?; A: A pattern of neural activity in REM sleep thought to generate dream imagery.; isCorrect: true
Q: What are Ponto-Geniculo-Occipital (PGO) waves?; A: A method used by researchers to communicate with sleeping participants.; isCorrect: false
Q: Which statement accurately describes the relationship between dreaming and the different stages of sleep?; A: Dreaming occurs exclusively during the REM stage of sleep.; isCorrect: false
Q: Which statement accurately describes the relationship between dreaming and the different stages of sleep?; A: Dreaming can occur in all sleep stages, but REM dreams are typically more vivid and story-like.; isCorrect: true
Q: Which statement accurately describes the relationship between dreaming and the different stages of sleep?; A: NREM sleep contains more bizarre and emotional dreams than REM sleep.; isCorrect: false
Q: Which statement accurately describes the relationship between dreaming and the different stages of sleep?; A: The length and complexity of a dream are identical regardless of the sleep stage.; isCorrect: false
